<?xml version="1.0" encoding="UTF-8"?>
<!DOCTYPE mapper
        PUBLIC "-//mybatis.org//DTD Mapper 3.0//EN"
        "http://mybatis.org/dtd/mybatis-3-mapper.dtd">
<mapper namespace="com.example.backend.mapper.UserTeamMapper">

    <resultMap id="BaseResultMap" type="com.example.backend.model.domain.UserTeam">
            <id property="id" column="id" jdbcType="BIGINT"/>
            <result property="userId" column="userId" jdbcType="BIGINT"/>
            <result property="teamId" column="teamId" jdbcType="BIGINT"/>
            <result property="joinTime" column="joinTime" jdbcType="TIMESTAMP"/>
            <result property="createTime" column="createTime" jdbcType="TIMESTAMP"/>
            <result property="updateTime" column="updateTime" jdbcType="TIMESTAMP"/>
            <result property="isDelete" column="isDelete" jdbcType="TINYINT"/>
    </resultMap>

    <sql id="Base_Column_List">
        id,userId,teamId,
        joinTime,createTime,updateTime,
        isDelete
    </sql>
</mapper>
